-- ----------------------------
-- Table structure for DangKyHocPhan
-- ----------------------------
-- DROP TABLE [DangKyHocPhan]
GO
CREATE TABLE [DangKyHocPhan] (
[MSSV] varchar(7) NOT NULL ,
[MaMH] varchar(10) NOT NULL ,
[Diem] decimal(18) NULL 
)


GO

-- ----------------------------
-- Records of DangKyHocPhan
-- ----------------------------
BEGIN TRANSACTION
GO
INSERT INTO [DangKyHocPhan] ([MSSV], [MaMH], [Diem]) VALUES (N'1361001', N'MHCTT00002', N'6'), (N'1361001', N'MHCTT00003', N'2'), (N'1361001', N'MHCTT00004', N'8'), (N'1361002', N'MHCTT00003', N'2'), (N'1361002', N'MHCTT00004', N'7'), (N'1361002', N'MHCTT00005', N'2'), (N'1361003', N'MHCTT00002', N'3'), (N'1361003', N'MHCTT00003', N'9'), (N'1361003', N'MHCTT00004', N'3'), (N'1361004', N'MHCTT00001', N'9'), (N'1361004', N'MHCTT00002', N'9'), (N'1361004', N'MHCTT00005', N'6'), (N'1361005', N'MHCTT00001', N'5'), (N'1361005', N'MHCTT00003', N'6'), (N'1361005', N'MHCTT00004', N'2'), (N'1361006', N'MHCTT00003', N'2'), (N'1361006', N'MHCTT00004', N'7'), (N'1361006', N'MHCTT00005', N'8'), (N'1361007', N'MHCTT00002', N'4'), (N'1361007', N'MHCTT00004', N'4'), (N'1361007', N'MHCTT00005', N'2'), (N'1361008', N'MHCTT00001', N'8'), (N'1361008', N'MHCTT00004', N'7'), (N'1361008', N'MHCTT00005', N'5'), (N'1361009', N'MHCTT00001', N'4'), (N'1361009', N'MHCTT00002', N'7'), (N'1361009', N'MHCTT00004', N'6'), (N'1361009', N'MHCTT00005', N'7'), (N'1361010', N'MHCTT00001', N'8'), (N'1361010', N'MHCTT00004', N'9'), (N'1361010', N'MHCTT00005', N'3'), (N'1361011', N'MHCTT00002', N'4'), (N'1361011', N'MHCTT00003', N'6'), (N'1361011', N'MHCTT00005', N'7'), (N'1361012', N'MHCTT00002', N'5'), (N'1361012', N'MHCTT00003', N'4'), (N'1361012', N'MHCTT00004', N'6'), (N'1361012', N'MHCTT00005', N'9'), (N'1361013', N'MHCTT00001', N'5'), (N'1361013', N'MHCTT00003', N'7'), (N'1361013', N'MHCTT00004', N'9'), (N'1361013', N'MHCTT00005', N'3'), (N'1361014', N'MHCTT00001', N'7'), (N'1361014', N'MHCTT00004', N'5'), (N'1361014', N'MHCTT00005', N'3'), (N'1361015', N'MHCTT00003', N'3'), (N'1361015', N'MHCTT00004', N'4'), (N'1361015', N'MHCTT00005', N'8'), (N'1361016', N'MHCTT00001', N'7'), (N'1361016', N'MHCTT00003', N'4'), (N'1361016', N'MHCTT00004', N'3'), (N'1361016', N'MHCTT00005', N'3'), (N'1361017', N'MHCTT00002', N'3'), (N'1361017', N'MHCTT00003', N'5'), (N'1361017', N'MHCTT00005', N'5'), (N'1361018', N'MHCTT00001', N'6'), (N'1361018', N'MHCTT00004', N'7'), (N'1361018', N'MHCTT00005', N'2'), (N'1361019', N'MHCTT00002', N'6'), (N'1361019', N'MHCTT00004', N'8'), (N'1361019', N'MHCTT00005', N'5'), (N'1361020', N'MHCTT00002', N'5'), (N'1361020', N'MHCTT00003', N'7'), (N'1361020', N'MHCTT00004', N'2'), (N'1361020', N'MHCTT00005', N'6'), (N'1361021', N'MHCTT00002', N'8'), (N'1361021', N'MHCTT00003', N'3'), (N'1361021', N'MHCTT00004', N'3'), (N'1361022', N'MHCTT00002', N'3'), (N'1361022', N'MHCTT00003', N'3'), (N'1361022', N'MHCTT00004', N'8'), (N'1361022', N'MHCTT00005', N'3'), (N'1361023', N'MHCTT00001', N'4'), (N'1361023', N'MHCTT00002', N'8'), (N'1361023', N'MHCTT00004', N'5'), (N'1361023', N'MHCTT00005', N'7'), (N'1361024', N'MHCTT00002', N'8'), (N'1361024', N'MHCTT00003', N'7'), (N'1361024', N'MHCTT00004', N'5'), (N'1361024', N'MHCTT00005', N'8'), (N'1361025', N'MHCTT00002', N'9'), (N'1361025', N'MHCTT00003', N'8'), (N'1361025', N'MHCTT00004', N'2'), (N'1361026', N'MHCTT00002', N'7'), (N'1361026', N'MHCTT00003', N'4'), (N'1361026', N'MHCTT00004', N'8'), (N'1361026', N'MHCTT00005', N'6'), (N'1361027', N'MHCTT00001', N'7'), (N'1361027', N'MHCTT00003', N'8'), (N'1361027', N'MHCTT00004', N'6'), (N'1361027', N'MHCTT00005', N'6'), (N'1361028', N'MHCTT00003', N'5'), (N'1361028', N'MHCTT00004', N'2'), (N'1361028', N'MHCTT00005', N'5'), (N'1361029', N'MHCTT00002', N'4'), (N'1361029', N'MHCTT00003', N'3'), (N'1361029', N'MHCTT00004', N'3'), (N'1361029', N'MHCTT00005', N'3'), (N'1361030', N'MHCTT00002', N'8'), (N'1361030', N'MHCTT00003', N'5')
GO
GO
INSERT INTO [DangKyHocPhan] ([MSSV], [MaMH], [Diem]) VALUES (N'1361030', N'MHCTT00004', N'8'), (N'1361030', N'MHCTT00005', N'2'), (N'1361031', N'MHCTT00003', N'8'), (N'1361031', N'MHCTT00004', N'2'), (N'1361031', N'MHCTT00005', N'6'), (N'1361032', N'MHCTT00002', N'6'), (N'1361032', N'MHCTT00003', N'7'), (N'1361032', N'MHCTT00004', N'6'), (N'1361032', N'MHCTT00005', N'4'), (N'1361033', N'MHCTT00002', N'6'), (N'1361033', N'MHCTT00004', N'5'), (N'1361033', N'MHCTT00005', N'5'), (N'1361034', N'MHCTT00002', N'2'), (N'1361034', N'MHCTT00003', N'8'), (N'1361034', N'MHCTT00004', N'3'), (N'1361034', N'MHCTT00005', N'6'), (N'1361035', N'MHCTT00002', N'2'), (N'1361035', N'MHCTT00003', N'7'), (N'1361035', N'MHCTT00004', N'7'), (N'1361035', N'MHCTT00005', N'5'), (N'1361036', N'MHCTT00001', N'7'), (N'1361036', N'MHCTT00002', N'5'), (N'1361036', N'MHCTT00004', N'3'), (N'1361037', N'MHCTT00002', N'6'), (N'1361037', N'MHCTT00003', N'4'), (N'1361037', N'MHCTT00004', N'7'), (N'1361037', N'MHCTT00005', N'8'), (N'1361038', N'MHCTT00002', N'9'), (N'1361038', N'MHCTT00003', N'7'), (N'1361038', N'MHCTT00004', N'6'), (N'1361038', N'MHCTT00005', N'4'), (N'1361039', N'MHCTT00001', N'6'), (N'1361039', N'MHCTT00002', N'7'), (N'1361039', N'MHCTT00004', N'5'), (N'1361039', N'MHCTT00005', N'9'), (N'1361040', N'MHCTT00002', N'8'), (N'1361040', N'MHCTT00003', N'5'), (N'1361040', N'MHCTT00004', N'8'), (N'1361040', N'MHCTT00005', N'6'), (N'1361041', N'MHCTT00003', N'4'), (N'1361041', N'MHCTT00004', N'9'), (N'1361041', N'MHCTT00005', N'3'), (N'1361042', N'MHCTT00002', N'8'), (N'1361042', N'MHCTT00003', N'7'), (N'1361042', N'MHCTT00004', N'6'), (N'1361042', N'MHCTT00005', N'8'), (N'1361043', N'MHCTT00003', N'7'), (N'1361043', N'MHCTT00004', N'2'), (N'1361043', N'MHCTT00005', N'5'), (N'1361044', N'MHCTT00002', N'8'), (N'1361044', N'MHCTT00004', N'9'), (N'1361044', N'MHCTT00005', N'5'), (N'1361045', N'MHCTT00001', N'3'), (N'1361045', N'MHCTT00004', N'9'), (N'1361045', N'MHCTT00005', N'2'), (N'1361046', N'MHCTT00001', N'7'), (N'1361046', N'MHCTT00002', N'2'), (N'1361046', N'MHCTT00003', N'7'), (N'1361046', N'MHCTT00004', N'4'), (N'1361047', N'MHCTT00003', N'6'), (N'1361047', N'MHCTT00004', N'8'), (N'1361047', N'MHCTT00005', N'2'), (N'1361048', N'MHCTT00002', N'4'), (N'1361048', N'MHCTT00003', N'2'), (N'1361048', N'MHCTT00004', N'3'), (N'1361048', N'MHCTT00005', N'3'), (N'1361049', N'MHCTT00003', N'8'), (N'1361049', N'MHCTT00004', N'5'), (N'1361049', N'MHCTT00005', N'6'), (N'1361050', N'MHCTT00002', N'5'), (N'1361050', N'MHCTT00003', N'9'), (N'1361050', N'MHCTT00004', N'9'), (N'1361050', N'MHCTT00005', N'8'), (N'1361051', N'MHCTT00001', N'7'), (N'1361051', N'MHCTT00003', N'5'), (N'1361051', N'MHCTT00004', N'7'), (N'1361051', N'MHCTT00005', N'9'), (N'1361052', N'MHCTT00003', N'6'), (N'1361052', N'MHCTT00004', N'2'), (N'1361052', N'MHCTT00005', N'6'), (N'1361053', N'MHCTT00001', N'3'), (N'1361053', N'MHCTT00003', N'8'), (N'1361053', N'MHCTT00004', N'8'), (N'1361054', N'MHCTT00002', N'2'), (N'1361054', N'MHCTT00003', N'4'), (N'1361054', N'MHCTT00004', N'2'), (N'1361054', N'MHCTT00005', N'7'), (N'1361055', N'MHCTT00002', N'9'), (N'1361055', N'MHCTT00003', N'5'), (N'1361055', N'MHCTT00004', N'8'), (N'1361056', N'MHCTT00002', N'2'), (N'1361056', N'MHCTT00003', N'8'), (N'1361056', N'MHCTT00004', N'2'), (N'1361056', N'MHCTT00005', N'7'), (N'1361057', N'MHCTT00002', N'7'), (N'1361057', N'MHCTT00004', N'7'), (N'1361057', N'MHCTT00005', N'9'), (N'1361058', N'MHCTT00002', N'6'), (N'1361058', N'MHCTT00004', N'4'), (N'1361058', N'MHCTT00005', N'4')
GO
GO
INSERT INTO [DangKyHocPhan] ([MSSV], [MaMH], [Diem]) VALUES (N'1361059', N'MHCTT00002', N'7'), (N'1361059', N'MHCTT00003', N'2'), (N'1361059', N'MHCTT00004', N'2'), (N'1361059', N'MHCTT00005', N'2'), (N'1361060', N'MHCTT00002', N'3'), (N'1361060', N'MHCTT00004', N'7'), (N'1361060', N'MHCTT00005', N'2'), (N'1361061', N'MHCTT00001', N'7'), (N'1361061', N'MHCTT00002', N'6'), (N'1361061', N'MHCTT00003', N'5'), (N'1361061', N'MHCTT00005', N'9'), (N'1361062', N'MHCTT00001', N'4'), (N'1361062', N'MHCTT00004', N'9'), (N'1361062', N'MHCTT00005', N'6'), (N'1361063', N'MHCTT00003', N'2'), (N'1361063', N'MHCTT00004', N'3'), (N'1361063', N'MHCTT00005', N'9'), (N'1361064', N'MHCTT00001', N'5'), (N'1361064', N'MHCTT00002', N'6'), (N'1361064', N'MHCTT00003', N'6'), (N'1361064', N'MHCTT00005', N'3'), (N'1361065', N'MHCTT00003', N'8'), (N'1361065', N'MHCTT00004', N'6'), (N'1361065', N'MHCTT00005', N'7'), (N'1361066', N'MHCTT00003', N'3'), (N'1361066', N'MHCTT00004', N'4'), (N'1361066', N'MHCTT00005', N'7'), (N'1361067', N'MHCTT00002', N'3'), (N'1361067', N'MHCTT00003', N'2'), (N'1361067', N'MHCTT00005', N'7'), (N'1361068', N'MHCTT00002', N'3'), (N'1361068', N'MHCTT00003', N'9'), (N'1361068', N'MHCTT00004', N'3'), (N'1361068', N'MHCTT00005', N'8'), (N'1361069', N'MHCTT00001', N'6'), (N'1361069', N'MHCTT00002', N'5'), (N'1361069', N'MHCTT00003', N'2'), (N'1361070', N'MHCTT00002', N'4'), (N'1361070', N'MHCTT00003', N'5'), (N'1361070', N'MHCTT00004', N'2'), (N'1361070', N'MHCTT00005', N'6'), (N'1361071', N'MHCTT00001', N'5'), (N'1361071', N'MHCTT00003', N'5'), (N'1361071', N'MHCTT00004', N'5'), (N'1361071', N'MHCTT00005', N'6'), (N'1361072', N'MHCTT00003', N'6'), (N'1361072', N'MHCTT00004', N'7'), (N'1361072', N'MHCTT00005', N'6'), (N'1361073', N'MHCTT00002', N'9'), (N'1361073', N'MHCTT00003', N'8'), (N'1361073', N'MHCTT00004', N'4'), (N'1361073', N'MHCTT00005', N'2'), (N'1361074', N'MHCTT00001', N'8'), (N'1361074', N'MHCTT00002', N'3'), (N'1361074', N'MHCTT00004', N'8'), (N'1361074', N'MHCTT00005', N'3'), (N'1361075', N'MHCTT00001', N'7'), (N'1361075', N'MHCTT00002', N'5'), (N'1361075', N'MHCTT00003', N'9'), (N'1361075', N'MHCTT00004', N'6'), (N'1361076', N'MHCTT00001', N'5'), (N'1361076', N'MHCTT00002', N'4'), (N'1361076', N'MHCTT00003', N'2'), (N'1361076', N'MHCTT00004', N'2'), (N'1361077', N'MHCTT00001', N'8'), (N'1361077', N'MHCTT00003', N'7'), (N'1361077', N'MHCTT00004', N'9'), (N'1361078', N'MHCTT00003', N'7'), (N'1361078', N'MHCTT00004', N'5'), (N'1361078', N'MHCTT00005', N'5'), (N'1361079', N'MHCTT00002', N'2'), (N'1361079', N'MHCTT00003', N'8'), (N'1361079', N'MHCTT00004', N'2'), (N'1361079', N'MHCTT00005', N'6'), (N'1361080', N'MHCTT00001', N'2'), (N'1361080', N'MHCTT00003', N'7'), (N'1361080', N'MHCTT00004', N'5'), (N'1361080', N'MHCTT00005', N'5'), (N'1361081', N'MHCTT00002', N'8'), (N'1361081', N'MHCTT00004', N'4'), (N'1361081', N'MHCTT00005', N'9'), (N'1361082', N'MHCTT00002', N'3'), (N'1361082', N'MHCTT00004', N'4'), (N'1361082', N'MHCTT00005', N'3'), (N'1361083', N'MHCTT00002', N'6'), (N'1361083', N'MHCTT00003', N'3'), (N'1361083', N'MHCTT00005', N'3'), (N'1361084', N'MHCTT00001', N'6'), (N'1361084', N'MHCTT00002', N'5'), (N'1361084', N'MHCTT00004', N'7'), (N'1361084', N'MHCTT00005', N'4'), (N'1361085', N'MHCTT00001', N'9'), (N'1361085', N'MHCTT00003', N'4'), (N'1361085', N'MHCTT00004', N'7'), (N'1361085', N'MHCTT00005', N'5'), (N'1361086', N'MHCTT00001', N'7'), (N'1361086', N'MHCTT00002', N'9'), (N'1361086', N'MHCTT00004', N'4'), (N'1361086', N'MHCTT00005', N'5'), (N'1361087', N'MHCTT00002', N'2')
GO
GO
INSERT INTO [DangKyHocPhan] ([MSSV], [MaMH], [Diem]) VALUES (N'1361087', N'MHCTT00003', N'3'), (N'1361087', N'MHCTT00004', N'3'), (N'1361087', N'MHCTT00005', N'3'), (N'1361088', N'MHCTT00001', N'9'), (N'1361088', N'MHCTT00003', N'4'), (N'1361088', N'MHCTT00005', N'8'), (N'1361089', N'MHCTT00001', N'4'), (N'1361089', N'MHCTT00002', N'8'), (N'1361089', N'MHCTT00003', N'7'), (N'1361089', N'MHCTT00005', N'2'), (N'1361090', N'MHCTT00002', N'5'), (N'1361090', N'MHCTT00003', N'2'), (N'1361090', N'MHCTT00004', N'3'), (N'1361090', N'MHCTT00005', N'9'), (N'1361091', N'MHCTT00002', N'3'), (N'1361091', N'MHCTT00003', N'5'), (N'1361091', N'MHCTT00004', N'2'), (N'1361091', N'MHCTT00005', N'8'), (N'1361092', N'MHCTT00001', N'5'), (N'1361092', N'MHCTT00002', N'4'), (N'1361092', N'MHCTT00005', N'4'), (N'1361093', N'MHCTT00001', N'9'), (N'1361093', N'MHCTT00003', N'7'), (N'1361093', N'MHCTT00005', N'9'), (N'1361094', N'MHCTT00001', N'5'), (N'1361094', N'MHCTT00002', N'8'), (N'1361094', N'MHCTT00004', N'2'), (N'1361094', N'MHCTT00005', N'9'), (N'1361095', N'MHCTT00003', N'6'), (N'1361095', N'MHCTT00004', N'6'), (N'1361095', N'MHCTT00005', N'5'), (N'1361096', N'MHCTT00002', N'6'), (N'1361096', N'MHCTT00003', N'4'), (N'1361096', N'MHCTT00004', N'6'), (N'1361097', N'MHCTT00002', N'4'), (N'1361097', N'MHCTT00003', N'2'), (N'1361097', N'MHCTT00004', N'3'), (N'1361097', N'MHCTT00005', N'3'), (N'1361098', N'MHCTT00001', N'4'), (N'1361098', N'MHCTT00002', N'9'), (N'1361098', N'MHCTT00004', N'4'), (N'1361098', N'MHCTT00005', N'7'), (N'1361099', N'MHCTT00003', N'5'), (N'1361099', N'MHCTT00004', N'8'), (N'1361099', N'MHCTT00005', N'7'), (N'1361100', N'MHCTT00002', N'4'), (N'1361100', N'MHCTT00003', N'2'), (N'1361100', N'MHCTT00004', N'7'), (N'1361100', N'MHCTT00005', N'9')
GO
GO
COMMIT TRANSACTION
GO

-- ----------------------------
-- Table structure for MonHoc
-- ----------------------------
-- DROP TABLE [MonHoc]
GO
CREATE TABLE [MonHoc] (
[MaMH] varchar(10) NOT NULL ,
[TenMH] nvarchar(50) NOT NULL 
)


GO

-- ----------------------------
-- Records of MonHoc
-- ----------------------------
BEGIN TRANSACTION
GO
INSERT INTO [MonHoc] ([MaMH], [TenMH]) VALUES (N'MHCTT00001', N'Cấu trúc dữ liệu'), (N'MHCTT00002', N'Kỹ thuật lập trình'), (N'MHCTT00003', N'Lập trình Web'), (N'MHCTT00004', N'Lập trình Ứng dụng quản lý'), (N'MHCTT00005', N'Phát triển Ứng dụng CSDL'), (N'MHCTT00006', N'Công cụ kiểm chứng phần mềm'), (N'MHCTT00007', N'Phân tích thiết kế phần mềm')
GO
GO
COMMIT TRANSACTION
GO

-- ----------------------------
-- Table structure for QueQuan
-- ----------------------------
-- DROP TABLE [QueQuan]
GO
CREATE TABLE [QueQuan] (
[ID] int NOT NULL IDENTITY(1,1) ,
[TenDiaPhuong] nvarchar(MAX) NOT NULL 
)


GO
DBCC CHECKIDENT(N'[QueQuan]', RESEED, 10)
GO

-- ----------------------------
-- Records of QueQuan
-- ----------------------------
BEGIN TRANSACTION
GO
SET IDENTITY_INSERT [QueQuan] ON
GO
INSERT INTO [QueQuan] ([ID], [TenDiaPhuong]) VALUES (N'2', N'TP Hồ Chí Minh'), (N'3', N'TP Hà Nội'), (N'4', N'Hải Phòng'), (N'5', N'Đà Nẵng'), (N'6', N'Bến Tre'), (N'7', N'Long An'), (N'8', N'Bình Dương'), (N'9', N'Khánh Hòa'), (N'10', N'Lâm Đồng')
GO
GO
SET IDENTITY_INSERT [QueQuan] OFF
GO
COMMIT TRANSACTION
GO

-- ----------------------------
-- Table structure for SinhVien
-- ----------------------------
-- DROP TABLE [SinhVien]
GO
CREATE TABLE [SinhVien] (
[MSSV] varchar(7) NOT NULL ,
[HoTen] nvarchar(50) NOT NULL ,
[NgaySinh] datetime NOT NULL ,
[QueQuan] int NOT NULL ,
[GioiTinh] bit NOT NULL 
)


GO

-- ----------------------------
-- Records of SinhVien
-- ----------------------------
BEGIN TRANSACTION
GO
INSERT INTO [SinhVien] ([MSSV], [HoTen], [NgaySinh], [QueQuan], [GioiTinh]) VALUES (N'1361001', N'Phạm Thạch A', N'1997-01-02 05:35:00.000', N'4', N'0'), (N'1361002', N'Lê Thanh X', N'1996-07-10 12:30:00.000', N'8', N'0'), (N'1361003', N'Ngô Anh R', N'1997-09-08 19:50:00.000', N'7', N'1'), (N'1361004', N'Lê Văn M', N'1996-04-22 05:03:20.000', N'9', N'1'), (N'1361005', N'Nguyễn Thị I', N'1996-02-16 23:31:40.000', N'5', N'0'), (N'1361006', N'Nguyễn Anh N', N'1994-01-28 11:46:40.000', N'8', N'1'), (N'1361007', N'Nguyễn Văn T', N'1996-10-16 22:28:20.000', N'4', N'1'), (N'1361008', N'Nguyễn Thanh F', N'1997-11-09 11:08:20.000', N'4', N'1'), (N'1361009', N'Nguyễn Anh A', N'1996-06-13 01:58:20.000', N'8', N'0'), (N'1361010', N'Phạm Thanh J', N'1997-01-31 17:00:00.000', N'6', N'1'), (N'1361011', N'Hoàng Minh C', N'1995-10-26 20:23:20.000', N'4', N'0'), (N'1361012', N'Nguyễn Thanh K', N'1995-07-15 01:31:40.000', N'9', N'0'), (N'1361013', N'Hoàng Văn K', N'1996-04-25 09:26:40.000', N'10', N'1'), (N'1361014', N'Lê Văn H', N'1995-09-03 08:48:20.000', N'2', N'0'), (N'1361015', N'Phạm Văn S', N'1996-08-28 10:58:20.000', N'6', N'1'), (N'1361016', N'Nguyễn Văn I', N'1996-03-15 20:41:40.000', N'10', N'0'), (N'1361017', N'Nguyễn Minh F', N'1994-04-02 21:20:00.000', N'4', N'1'), (N'1361018', N'Hoàng Thị B', N'1995-03-30 21:11:40.000', N'6', N'0'), (N'1361019', N'Nguyễn Thị X', N'1996-02-01 23:06:40.000', N'8', N'1'), (N'1361020', N'Nguyễn Thạch I', N'1994-09-11 15:56:40.000', N'5', N'1'), (N'1361021', N'Lê Anh Y', N'1996-11-09 17:01:40.000', N'4', N'0'), (N'1361022', N'Phạm Thanh P', N'1994-02-24 11:08:20.000', N'10', N'1'), (N'1361023', N'Ngô Minh Y', N'1994-11-15 05:23:20.000', N'3', N'1'), (N'1361024', N'Hoàng Văn T', N'1995-12-08 05:43:20.000', N'6', N'1'), (N'1361025', N'Lê Thạch O', N'1994-05-19 01:56:40.000', N'8', N'0'), (N'1361026', N'Lê Văn M', N'1995-09-09 23:56:40.000', N'8', N'0'), (N'1361027', N'Nguyễn Thạch O', N'1997-01-20 19:08:20.000', N'8', N'0'), (N'1361028', N'Hoàng Thạch D', N'1996-12-27 02:48:20.000', N'9', N'0'), (N'1361029', N'Ngô Thị P', N'1994-03-02 22:30:00.000', N'2', N'0'), (N'1361030', N'Lê Thị V', N'1995-07-10 07:16:40.000', N'9', N'1'), (N'1361031', N'Ngô Minh M', N'1997-09-04 20:43:20.000', N'10', N'1'), (N'1361032', N'Phạm Thạch G', N'1996-08-11 11:23:20.000', N'4', N'1'), (N'1361033', N'Lê Thị J', N'1995-10-26 04:23:20.000', N'7', N'0'), (N'1361034', N'Nguyễn Anh C', N'1997-08-11 12:18:20.000', N'10', N'1'), (N'1361035', N'Trần Thị C', N'1995-01-04 12:13:20.000', N'3', N'1'), (N'1361036', N'Ngô Minh N', N'1994-07-04 23:20:00.000', N'10', N'1'), (N'1361037', N'Nguyễn Thạch W', N'1996-09-19 00:13:20.000', N'9', N'0'), (N'1361038', N'Lê Anh N', N'1996-11-09 19:25:00.000', N'9', N'1'), (N'1361039', N'Lê Thanh T', N'1994-10-17 09:10:00.000', N'10', N'1'), (N'1361040', N'Ngô Thạch W', N'1997-05-15 03:26:40.000', N'7', N'0'), (N'1361041', N'Ngô Thạch P', N'1995-11-16 07:21:40.000', N'9', N'1'), (N'1361042', N'Ngô Minh B', N'1997-05-01 06:01:40.000', N'6', N'1'), (N'1361043', N'Ngô Văn U', N'1994-12-05 14:45:00.000', N'6', N'0'), (N'1361044', N'Phạm Minh P', N'1997-07-22 02:56:40.000', N'8', N'1'), (N'1361045', N'Phạm Thanh P', N'1997-12-14 21:23:20.000', N'3', N'0'), (N'1361046', N'Trần Thanh C', N'1995-11-19 17:21:40.000', N'9', N'1'), (N'1361047', N'Nguyễn Anh Y', N'1996-07-14 12:53:20.000', N'10', N'1'), (N'1361048', N'Ngô Văn R', N'1996-01-14 14:01:40.000', N'3', N'0'), (N'1361049', N'Trần Thanh Q', N'1994-12-26 01:16:40.000', N'3', N'0'), (N'1361050', N'Hoàng Thanh Y', N'1996-07-14 19:50:00.000', N'9', N'1'), (N'1361051', N'Nguyễn Văn U', N'1995-09-22 15:10:00.000', N'3', N'1'), (N'1361052', N'Phạm Anh O', N'1997-10-14 06:01:40.000', N'8', N'0'), (N'1361053', N'Phạm Thanh B', N'1995-11-01 04:08:20.000', N'8', N'0'), (N'1361054', N'Trần Thị B', N'1996-03-24 07:23:20.000', N'6', N'1'), (N'1361055', N'Lê Thanh J', N'1995-05-28 17:36:40.000', N'10', N'1'), (N'1361056', N'Ngô Anh U', N'1995-12-31 03:11:40.000', N'7', N'0'), (N'1361057', N'Trần Thạch S', N'1997-04-11 06:05:00.000', N'3', N'1'), (N'1361058', N'Lê Văn O', N'1997-10-28 10:30:00.000', N'7', N'1'), (N'1361059', N'Trần Thị C', N'1997-06-24 16:05:00.000', N'5', N'0'), (N'1361060', N'Ngô Minh M', N'1995-03-15 14:46:40.000', N'9', N'1'), (N'1361061', N'Ngô Anh B', N'1994-09-26 04:48:20.000', N'7', N'1'), (N'1361062', N'Hoàng Anh D', N'1996-04-18 04:56:40.000', N'6', N'0'), (N'1361063', N'Trần Thanh J', N'1997-08-20 19:13:20.000', N'6', N'1'), (N'1361064', N'Hoàng Thanh P', N'1997-08-19 22:15:00.000', N'2', N'0'), (N'1361065', N'Hoàng Thanh M', N'1995-02-18 21:08:20.000', N'8', N'0'), (N'1361066', N'Trần Minh Q', N'1996-08-25 08:26:40.000', N'5', N'0'), (N'1361067', N'Trần Thạch W', N'1997-11-19 15:28:20.000', N'6', N'1'), (N'1361068', N'Phạm Thanh R', N'1995-01-01 06:38:20.000', N'5', N'1'), (N'1361069', N'Trần Thạch U', N'1995-09-29 05:25:00.000', N'7', N'0'), (N'1361070', N'Nguyễn Văn N', N'1997-03-26 05:10:00.000', N'7', N'0'), (N'1361071', N'Trần Thanh D', N'1995-10-07 05:46:40.000', N'9', N'1'), (N'1361072', N'Hoàng Văn V', N'1997-08-03 23:25:00.000', N'10', N'1'), (N'1361073', N'Lê Thạch Q', N'1995-04-04 02:08:20.000', N'5', N'0'), (N'1361074', N'Phạm Thị H', N'1995-04-28 21:41:40.000', N'6', N'0'), (N'1361075', N'Hoàng Văn I', N'1996-06-25 19:50:00.000', N'7', N'1'), (N'1361076', N'Ngô Văn C', N'1997-11-25 18:48:20.000', N'5', N'1'), (N'1361077', N'Phạm Văn C', N'1996-11-01 16:20:00.000', N'2', N'0'), (N'1361078', N'Phạm Văn X', N'1996-01-24 23:13:20.000', N'6', N'0'), (N'1361079', N'Trần Thị S', N'1996-07-01 08:43:20.000', N'6', N'0'), (N'1361080', N'Nguyễn Thạch F', N'1995-10-10 16:10:00.000', N'5', N'0'), (N'1361081', N'Phạm Thạch M', N'1994-11-17 23:10:00.000', N'9', N'0'), (N'1361082', N'Hoàng Thị W', N'1996-08-01 04:51:40.000', N'4', N'0'), (N'1361083', N'Nguyễn Anh O', N'1996-10-13 13:31:40.000', N'4', N'0'), (N'1361084', N'Lê Văn M', N'1997-11-28 01:13:20.000', N'5', N'1'), (N'1361085', N'Hoàng Thanh L', N'1997-11-25 06:01:40.000', N'3', N'1'), (N'1361086', N'Nguyễn Minh P', N'1995-12-01 04:01:40.000', N'9', N'1'), (N'1361087', N'Lê Thị U', N'1997-10-04 02:05:00.000', N'4', N'1'), (N'1361088', N'Lê Minh N', N'1997-09-28 00:11:40.000', N'3', N'0'), (N'1361089', N'Hoàng Văn E', N'1994-09-16 08:55:00.000', N'5', N'0'), (N'1361090', N'Hoàng Thanh W', N'1995-07-22 11:38:20.000', N'7', N'1'), (N'1361091', N'Phạm Thị G', N'1994-02-02 16:13:20.000', N'10', N'0'), (N'1361092', N'Lê Thanh X', N'1996-06-03 18:51:40.000', N'6', N'0'), (N'1361093', N'Phạm Anh E', N'1994-08-10 06:53:20.000', N'3', N'1'), (N'1361094', N'Hoàng Anh Q', N'1996-05-12 10:58:20.000', N'9', N'0'), (N'1361095', N'Hoàng Thị O', N'1996-12-27 20:48:20.000', N'9', N'0'), (N'1361096', N'Hoàng Thanh U', N'1997-02-16 23:05:00.000', N'7', N'1'), (N'1361097', N'Trần Thạch S', N'1997-08-27 19:15:00.000', N'5', N'0'), (N'1361098', N'Nguyễn Thị M', N'1995-10-26 14:30:00.000', N'9', N'0'), (N'1361099', N'Nguyễn Minh M', N'1994-08-26 06:51:40.000', N'2', N'0'), (N'1361100', N'Hoàng Văn S', N'1997-05-24 23:03:20.000', N'8', N'1')
GO
GO
COMMIT TRANSACTION
GO

-- ----------------------------
-- Indexes structure for table DangKyHocPhan
-- ----------------------------

-- ----------------------------
-- Primary Key structure for table DangKyHocPhan
-- ----------------------------
ALTER TABLE [DangKyHocPhan] ADD PRIMARY KEY ([MSSV], [MaMH])
GO

-- ----------------------------
-- Indexes structure for table MonHoc
-- ----------------------------

-- ----------------------------
-- Primary Key structure for table MonHoc
-- ----------------------------
ALTER TABLE [MonHoc] ADD PRIMARY KEY ([MaMH])
GO

-- ----------------------------
-- Indexes structure for table QueQuan
-- ----------------------------

-- ----------------------------
-- Primary Key structure for table QueQuan
-- ----------------------------
ALTER TABLE [QueQuan] ADD PRIMARY KEY ([ID])
GO

-- ----------------------------
-- Indexes structure for table SinhVien
-- ----------------------------

-- ----------------------------
-- Primary Key structure for table SinhVien
-- ----------------------------
ALTER TABLE [SinhVien] ADD PRIMARY KEY ([MSSV])
GO

-- ----------------------------
-- Foreign Key structure for table [DangKyHocPhan]
-- ----------------------------
ALTER TABLE [DangKyHocPhan] ADD FOREIGN KEY ([MaMH]) REFERENCES [MonHoc] ([MaMH]) ON DELETE NO ACTION ON UPDATE NO ACTION
GO
ALTER TABLE [DangKyHocPhan] ADD FOREIGN KEY ([MSSV]) REFERENCES [SinhVien] ([MSSV]) ON DELETE NO ACTION ON UPDATE NO ACTION
GO

-- ----------------------------
-- Foreign Key structure for table [SinhVien]
-- ----------------------------
ALTER TABLE [SinhVien] ADD FOREIGN KEY ([QueQuan]) REFERENCES [QueQuan] ([ID]) ON DELETE NO ACTION ON UPDATE NO ACTION
GO
