{"file_hashes":[{"block_hashes":["BlBWXBMliUJFXN5cM4Yd7TOfWi6c3epKUGeeK932WFM=","5FYAWopqTiY9XANhTp5FIHcAW1ALCAh81fsjWT1yROc=","D95+2WBNcJNaxVPABQ1QlZFu2o8h03Mgpc2X7GFLBoo=","4CI+H6k6ID1wdjc9peoSRq07uZHxcUIFid79M9S5YY8=","fyHdiqh5GPGXdmx6AeQWBgOSDXrluq455LQ/5RuogaI=","AszVfsm9TRI9o7IeVdP8f+MzsuR7TmDlPsARaZEMdxY=","gXZ8Iomr9lAxLp+WdEu6pVSun4q7EPUv8A8LpiTcjtA=","onpZhkCibm2FdCA1rWAie3CFJHKEYw+Vc2oaKFh340c=","FQjLiuRuljO5BeqkIRmM+EUsHoK5XkiXSUIqZvKCYmw=","fH3zJrbDh/x3GCiPWFJ90l2fm0zbnvwTjIapJJbOnYo=","6NvNWRMlhflyJQT76/Yy3XvItMQa/2uiIlsyUKypNVM=","K0zUulj3NFa4gNTU1TVlgJFWLgzvf5Md4ve+OxmpIrU=","Rx1V4NNWCHK7kOF7NsWawcn8gwSSekpFhlbNGb/TdsQ=","Q35CAtfjt7dwuuN6lZVek+DsOkqNnuHO4m+/snF8am8="],"block_size":4096,"path":"Gilroy-ExtraBold.otf"},{"block_hashes":["zSJww1+j4aF0cpjI36wzEOzX7SGyIjvkq9wC5BWJuBM="],"block_size":4096,"path":"background.js"},{"block_hashes":["DXdEcTYDcvxX2kh8T1T+9FjkqspWCEC4TyY2xzUyZoM="],"block_size":4096,"path":"content.js"},{"block_hashes":["oHxZOMm/2GUgVJToCGHClf1IPE5EnOTyDSffeA5A0j0=","API9BhOq/BvvUBa+8lP4eVAMXJABUC9PO1N0I/00wcE="],"block_size":4096,"path":"icon128.png"},{"block_hashes":["ZgVer1Fj5UMViIimUhGvx+cSvIvEdnqQqsRNvYEu1uA="],"block_size":4096,"path":"icon16.png"},{"block_hashes":["Ku4mdn4ADwKuLMAR/n2WP44uUcfWD5e9/FcViq1xnq4="],"block_size":4096,"path":"icon48.png"},{"block_hashes":["ToUxqNJxm0DGwYe/aPjWJcIfLWZoUWf69RDji5rwecU="],"block_size":4096,"path":"popup.html"},{"block_hashes":["rfLQPemVYvWoMbPJ4TmMFEktuwWKrls7Ni04ZsDY04E="],"block_size":4096,"path":"popup.js"},{"block_hashes":["fb6WFdrpOBDLDrBnR9s2SLh4lk2FVwNslqJ/z8z3sWk="],"block_size":4096,"path":"style.css"},{"block_hashes":["47DEQpj8HBSa+/TImW+5JCeuQeRkm5NMpJWZG3hSuFU="],"block_size":4096,"path":"work.js"}],"version":2}